BEGIN TRANSACTION;
CREATE TABLE IF NOT EXISTS "mietobjekt" (
	"id"	TEXT NOT NULL,
	"masterobjekt_id"	TEXT,
	"whg_bez"	TEXT,
	"qm"	INTEGER,
	"container_nr"	TEXT,
	"bemerkung"	TEXT
);
CREATE TABLE IF NOT EXISTS "mtleinaus" (
	"id"	INTEGER NOT NULL PRIMARY KEY AUTOINCREMENT UNIQUE,
	"mietobjekt_id"	INTEGER,
	"einausart"	TEXT,
	"jahr"	INTEGER,
	"jan"	REAL,
	"feb"	REAL,
	"mrz"	REAL,
	"apr"	REAL,
	"mai"	REAL,
	"jun"	REAL,
	"jul"	REAL,
	"aug"	REAL,
	"sept"	REAL,
	"okt"	REAL,
	"nov"	REAL,
	"dez"	REAL
);
CREATE TABLE IF NOT EXISTS "mietverhaeltnis" (
	"id"	INTEGER NOT NULL PRIMARY KEY AUTOINCREMENT UNIQUE,
	"mietobjekt_id"	TEXT NOT NULL,
	"von"	TEXT,
	"bis"	TEXT,
	"name"	TEXT NOT NULL,
	"vorname"	TEXT NOT NULL,
	"telefon"	TEXT,
	"mobil"	TEXT,
	"mailto"	TEXT,
	"anzahl_pers"	INTEGER,
	"IBAN"	TEXT,
	"bemerkung1"	TEXT,
	"bemerkung2"	TEXT
);
CREATE TABLE IF NOT EXISTS "sollmiete" (
	"mietobjekt_id"	TEXT,
	"von"	TEXT,
	"bis"	TEXT,
	"netto_miete"	REAL,
	"nk_voraus"	REAL
);
CREATE TABLE IF NOT EXISTS "verwaltung" (
	"mietobjekt_id"	TEXT NOT NULL,
	"verwalter_id"	TEXT NOT NULL,
	"weg_name"	TEXT,
	"von"	TEXT NOT NULL,
	"bis"	TEXT DEFAULT ''
);
CREATE TABLE IF NOT EXISTS "sollhausgeld" (
	"mietobjekt_id"	TEXT,
	"von"	TEXT,
	"bis"	TEXT,
	"hg_ohne_rueckl"	REAL,
	"rueckl"	REAL
);
CREATE TABLE IF NOT EXISTS "verwalter" (
	"id"	TEXT NOT NULL,
	"name"	TEXT NOT NULL,
	"strasse"	TEXT,
	"plz_ort"	NUMERIC,
	"telefon_1"	TEXT,
	"telefon_2"	TEXT,
	"mailto"	TEXT,
	"ansprechpartner_1"	TEXT,
	"ansprechpartner_2"	TEXT,
	"bemerkung"	TEXT
);
CREATE TABLE IF NOT EXISTS "masterobjekt" (
	"id"	TEXT,
	"stpfl_id"	INTEGER,
	"strasse_hnr"	TEXT NOT NULL,
	"plz"	TEXT NOT NULL,
	"ort"	BLOB NOT NULL,
	"einh_wert_az"	TEXT,
	"angeschafft_am"	TEXT,
	"qm_gesamt"	INTEGER,
	"anz_whg"	INTEGER NOT NULL DEFAULT 1,
	"afa_lin_deg"	TEXT DEFAULT 'linear',
	"afa_wie_vj"	TEXT DEFAULT 'X',
	"afa"	INTEGER,
	"afa_proz"	REAL DEFAULT 2.5,
	"verkauft_am"	TEXT,
	"grundsteuer"	REAL,
	"abwasser"	REAL,
	"strassenreinigung"	REAL,
	"abfall"	REAL,
	"bemerkung"	TEXT
);
INSERT INTO "mietobjekt" ("id","masterobjekt_id","whg_bez","qm","container_nr","bemerkung") VALUES ('bueb','BUEB_Saargemuend','Asia Imbiss',50,'','Asia Imbiss'),
 ('remigius','HOM_Remigius','Whg 7, Haus A, 2. OG li','',NULL,NULL),
 ('eich_0','ILL_Eich','EG',59,'264980','Souterrain-Whg; Abst.Raum 3; Stellplatz 3'),
 ('eich_1','ILL_Eich','1. OG',110,'244602','Hauptwohnung mit Arten + Garage; Abst.Raum 2'),
 ('eich_2','ILL_Eich','DG',88,'244603','Dachgeschoss'),
 ('kleist_01','NK_Kleist','EG links',54,'','EG links'),
 ('kleist_02','NK_Kleist','EG rechts',54,'','EG rechts'),
 ('kleist_11','NK_Kleist','1. OG links',59,'','1. OG links'),
 ('kleist_12','NK_Kleist','1. OG rechts',59,'','1. OG rechts'),
 ('kleist_21','NK_Kleist','2. OG links',59,'','2. OG links'),
 ('kleist_22','NK_Kleist','2. OG rechts',59,'','2. OG rechts'),
 ('kleist_31','NK_Kleist','DG links',45,'','DG links'),
 ('kleist_32','NK_Kleist','DG rechts',45,'','DG rechts'),
 ('scheidt_01','SB_Kaiser','EG links',92,'','EG links'),
 ('scheidt_02','SB_Kaiser','EG mitte',62,'','EG mitte'),
 ('scheidt_03','SB_Kaiser','EG rechts',92,'','EG rechts'),
 ('scheidt_11','SB_Kaiser','1. OG links',92,'','1. OG links'),
 ('scheidt_12','SB_Kaiser','1.OG mitte',62,'','1. OG mitte'),
 ('scheidt_13','SB_Kaiser','1. OG rechts',92,'','1. OG rechts'),
 ('scheidt_21','SB_Kaiser','2. OG links',92,'','2. OG links'),
 ('scheidt_22','SB_Kaiser','2. OG mitte',40,'','2. OG mitte'),
 ('scheidt_23','SB_Kaiser','2. OG rechts',114,'','2. OG rechts'),
 ('gruelings','SB_Gruelings','Whg EG rechts, Nr. 6',50,'','EG rechts, Whg 6'),
 ('charlotte','SB_Charlotte','Whg 7, EG','',NULL,'EG, Whg 7'),
 ('hohenzoll','SB_Hohenzoll','EG',45,'','EG'),
 ('linx','OTW_Linx','1. OG rechts',85,NULL,'1. OG rechts'),
 ('schwalbe','OTW_Schwalbe',NULL,'',NULL,NULL),
 ('kuchenberg_w','NK_KuchenbergW','Wohnung',78,NULL,'Wohnung'),
 ('kuchenberg_s','NK_KuchenbergS','Spielhalle','','','Spielhalle'),
 ('volkerstal','NK_Volkerstal','DG Whg. 15',100,'','DG, Whg 15'),
 ('zweibrueck','NK_Zweibrueck','Whg 14, 3. OG mi li',64,NULL,'3. OG mi li, Whg 14'),
 ('ww224','NK_Ww224','Whg 6, 1. OG rechts',112,'','1. OG rechts, Whg 6'),
 ('thomasmann','NK_ThomasMann','Whg 18, 2. OG',64,'','2. OG, Whg 18'),
 ('lampennest','RI_Lampennest','EG rechts',60,NULL,'EG rechts');
INSERT INTO "mtleinaus" ("id","mietobjekt_id","einausart","jahr","jan","feb","mrz","apr","mai","jun","jul","aug","sept","okt","nov","dez") VALUES (1,'bueb','miete',2020,340.0,340.0,340.0,0.0,340.0,340.0,340.0,340.0,340.0,340.0,'',NULL),
 (2,'remigius','miete',2020,NULL,NULL,NULL,NULL,NULL,NULL,522.0,550.0,550.0,550.0,'',NULL),
 (3,'eich_01','miete',2020,500.0,500.0,500.0,500.0,500.0,500.0,500.0,500.0,500.0,500.0,'',NULL),
 (4,'eich_11','miete',2020,660.0,660.0,660.0,660.0,660.0,660.0,660.0,660.0,660.0,'',NULL,NULL),
 (5,'eich_21','miete',2020,620.0,620.0,620.0,620.0,620.0,620.0,620.0,620.0,620.0,620.0,'',NULL);
INSERT INTO "mietverhaeltnis" ("id","mietobjekt_id","von","bis","name","vorname","telefon","mobil","mailto","anzahl_pers","IBAN","bemerkung1","bemerkung2") VALUES (271,'bueb','2019-01-01','','van Duy','Ta','','0175/2081535','maili83@yahoo.com',2,'1x001','und Frau Le Anh Hong / Asia  Imbiss',''),
 (272,'charlotte','2019-01-01','','Pfeifer','Martina','','','',1,'1x001','',''),
 (273,'gruelings','2019-01-01','','Steuer','Manfred','','','',1,'1x001','hat ab Jan. 2020 die NK-Vorausz. um 20 Euro erhöht',''),
 (274,'hohenzoll','2019-01-01','','Abazid','Fuad','','','',1,'1x001','Mietrückstände 2019 mit NK-Abr.-Guthaben verrechnet.',''),
 (275,'eich_2','2019-01-01','2020-12-31','Buchmann','Andreas ','','','',2,'1x001','',''),
 (276,'eich_0','2019-01-01','','Schmitt','Frank','','','',1,'1x001','',''),
 (277,'eich_1','2019-01-01','','Lukas','Franz ','06825/9693725','','',2,'1x001','und Frau Regina','Lukas‘ Miete beträgt eigtl 660 EUR. Weil er Stand Ende 2018 3086 EUR NK-Rückstand hatte, hat er zwi. März 2018 und Mai 2019 710 EUR bezahlt. Restschuld: 3086,75 – 15x50 EUR = 2336,75 EUR. 
Zzgl. 771,11 EUR aus der NK-Abrechng. 2019, gesamt also 3107,86 EUR.'),
 (278,'kleist_11','2019-01-01','','Müller','Hans-Jürgen','','','',1,'1x018','Vater von Thomas; Ansprechpartner für Objekt',''),
 (280,'kleist_12','2019-10-01','','Markens','Lara-Joy','','0174/1462932','',2,'1x018','wohnt zusammen mit Sven Redel, Tel. 0176/23867362',''),
 (281,'kleist_21','2020-07-01','','Müller','Thomas','','0176/41875443','',1,'1x018','Nachmieter von Markus Theiß',''),
 (282,'kleist_21','2019-01-01','2020-01-31','Theiss','Markus','','01578/8892935','',1,'1x001','Vormieter von Thomas Müller',''),
 (283,'kleist_22','2019-01-01','','Knapp','Rüdiger Gustav','','01573/3295721','',1,'1x018','liiert mit Khan',''),
 (284,'kleist_31','2019-01-01','','Schweig','Detlef','','','',1,'1x018','Sperrmüll im Hausflur',''),
 (285,'kleist_32','2019-01-01','','Amaral','Cynthia','','01525/4044413','Amaral-Cynthia@web.de',1,'1x018','',''),
 (286,'kleist_01','2019-01-01','','Wagner','Irmgard Ottilie','','','',1,'1x018','','Jahres-NK-Voraus Kleist'),
 (287,'kleist_02','2019-01-01','','Khan','Christel','','0174/1462932','',1,'1x018','liiert mit Knapp','Jahresnettomiete Kleist'),
 (288,'kuchenberg_s','2019-01-01','','Zeiger','Frank','','','',1,'1x001','',''),
 (289,'kuchenberg_w','2019-01-01','','Dorscheid','Dorothe','','','',1,'1x001','',''),
 (290,'linx','2019-01-01','','Al','Valat','','0152/51093974
06824/709461','',3,'1x001','',''),
 (291,'remigius ','2020-07-01','','Lo Verde','Ciro','','0162/7048443','lo-verde@web.de',1,'1x018','',''),
 (292,'remigius ','2019-01-01','2020-02-28','Roitsch','Andreas ','','0174/6644085','',1,'','',''),
 (293,'lampennest','2019-03-01','','Riss','Margarete','','','',1,'1x001','660 Euro Kaution im Februar bezahlt',''),
 (294,'lampennest','2019-01-01','2019-02-28','Schwambach','Waltraud','','','',1,'1x001','',''),
 (295,'ruelz  ','2019-01-01','','Duemler','Heinrich und Monika','','','',1,'1x001','',''),
 (296,'ruelz  ','2019-01-01','','Kartoffelhof Boehm & Boehm GbR','','','','',1,'1x001','',''),
 (297,'scheidt_01','2019-12-01','','Bucher','Lothar','','0171/5548158','',1,'1x001','','mit Garage'),
 (298,'scheidt_01','2019-01-01','2019-04-30','Peitz','Wolfgang','','','',1,'1x001','','mit Garage'),
 (299,'scheidt_02','2019-01-01','','Rocco','Gerard','','','',1,'1x001','','mit Garage'),
 (300,'scheidt_03','2019-01-01','','Mironov','Vadim ','','','',2,'1x001','oder Irina Ott','mit Garage'),
 (301,'scheidt_11 ','2019-01-01','','Fritsche','Werner und Birgit','','','',2,'1x001','','mit Garage'),
 (302,'scheidt_12','2019-01-01','','Hubertus','Kornelia ','','01520/3580015','',2,'1x001','mit Ehemann Frank','mit Garage'),
 (303,'scheidt_13','2019-01-01','','Kable','Kurt','','','',2,'1x001','','mit Garage'),
 (304,'scheidt_21','2019-01-01','','Leidisch','Nadine','','','',2,'1x001','wohnt zusammen mit Eickhoff','mit Garage'),
 (305,'scheidt_22','2019-01-01','','Rocco','Heidi ','','','',1,'1x001','','mit Garage'),
 (306,'scheidt_23','2018-11-01','','Decker','Maren','','0163/2618531','',1,'1x001','','mit Garage'),
 (307,'schwalbe','2019-01-01','','Engelhardt','Rene','','','',2,'1x001','wohnt gem. Klingelschild mit Theobald zusammen','NK 186 seit August 20, vorher 166'),
 (308,'schwalbe ','2019-01-01','','Theobald','Andrea','','','',2,'1x001','wohnt gem. Klingelschild mit Engelhardt zusammen',''),
 (309,'thomasmann','2019-01-01','2020-12-31','Danciu','Oana-Claudia','','0151/75849814','',1,'1x001','',''),
 (310,'thomasmann','2021-01-01','','Murasov','Olga','','01767/1228536','olgamurasov@web.de',1,'1x001','',''),
 (311,'volkerstal','2020-10-01','','Lander','Anke','','0151/100 907 50','lander.anke@gmx.de',1,'1x001','',''),
 (312,'ww224','2019-08-01','','Langley','Sandra','','0173/2757876','sandra-langley@web.de',3,'1x001','',''),
 (313,'ww224','2019-01-01','2019-07-31','Langley','Sandra','','','',3,'1x001','',''),
 (314,'ww224 ','2019-01-01','','Dawid Gryzka','Lily Martinez','','','',2,'1x001','Neue Adresse: Ottweiler, Feldstr. 38',''),
 (315,'ww56_21','2019-01-01','','Becker','Alexandra','','','',1,'1x001','Messi',''),
 (316,'ww56_11','2019-01-01','','Blatter','Klaus','','','',1,'1x001','','IBAN:  DE51 5901 0066 0148 2256 63'),
 (317,'ww56_01','2019-02-01','2019-02-28','di Palma','Davide','','','',1,'1x001','',''),
 (318,'ww56_01','2019-05-01','','Hanoglu + Demir GbR','','','','',1,'1x001','',''),
 (319,'ww56_31','2019-01-01','2019-03-31','Kamencic','Lejla','','','',1,'1x001','',''),
 (320,'ww56_12','2019-01-01','','Salisbury','Ursula','','','',1,'1x001','',''),
 (321,'ww56_22','2019-01-01','','Sieg','HIlmar','','','',1,'1x001','',''),
 (322,'ww56_31','2019-01-01','','Wagner','Jasmin','','','',1,'1x001','','Ww56_12 (neben Nickl) ab 1.9.20'),
 (323,'ww56_02','2019-01-01','','Wilhelm','Robert','','','',1,'1x001','',''),
 (324,'zweibrueck','2019-01-01','','Heintz','Klaus-Dieter','','','',1,'1x001','','');
INSERT INTO "sollmiete" ("mietobjekt_id","von","bis","netto_miete","nk_voraus") VALUES ('bueb','2019-01-01','',240.0,100.0),
 ('charlotte','2019-01-01','',375.0,125.0),
 ('eich_0','2019-01-01','',306.0,194.0),
 ('eich_1','2019-01-01','',465.0,195.0),
 ('eich_2','2019-01-01','2020-12-31',420.0,200.0),
 ('gruelings','2019-01-01','',260.0,140.0),
 ('hohenzoll','2019-01-01','',270.0,317.92),
 ('kleist_01','2019-01-01','',210.0,50.0),
 ('kleist_02','2019-01-01','',230.0,55.0),
 ('kleist_11','2019-01-01','',265.0,50.0),
 ('kleist_12','2019-10-01','',300.0,70.0),
 ('kleist_21','2020-07-01','',300.0,50.0),
 ('kleist_22','2019-01-01','',180.0,40.0),
 ('kleist_31','2019-01-01','',200.0,51.0),
 ('kleist_32','2019-01-01','',230.0,60.0),
 ('kuchenberg_s','2019-01-01','',770.0,380.0),
 ('kuchenberg_w','2019-01-01','',320.0,200.0),
 ('lampennest','2019-03-01','',330.0,170.0),
 ('linx','2019-01-01','',380.0,80.0),
 ('remigius','2020-07-01','',480.0,70.0),
 ('scheidt_01','2019-12-01','',540.0,140.0),
 ('scheidt_02','2019-01-01','',286.0,124.0),
 ('scheidt_03','2019-01-01','',420.0,180.0),
 ('scheidt_11','2019-01-01','',300.0,175.0),
 ('scheidt_12','2019-01-01','',340.0,160.0),
 ('scheidt_13','2019-01-01','',383.0,267.0),
 ('scheidt_21','2019-01-01','',520.0,230.0),
 ('scheidt_22','2019-01-01','',190.0,110.0),
 ('scheidt_23','2018-11-01','',500.0,160.0),
 ('schwalbe','2019-01-01','',400.0,74.5),
 ('thomasmann','2021-01-01','',450.0,150.0),
 ('volkerstal','2020-10-01','',600.0,200.0),
 ('ww224','2019-08-01','',425.0,200.0),
 ('zweibrueck','2019-01-01','',320.0,160.0);
INSERT INTO "masterobjekt" ("id","stpfl_id","strasse_hnr","plz","ort","einh_wert_az","angeschafft_am","qm_gesamt","anz_whg","afa_lin_deg","afa_wie_vj","afa","afa_proz","verkauft_am","grundsteuer","abwasser","strassenreinigung","abfall","bemerkung") VALUES ('HOM_Remigius',1,'Remigiusstr. 17','66424','Homburg','','',NULL,1,'linear','X',NULL,2.5,NULL,NULL,NULL,NULL,NULL,NULL),
 ('NK_ThomasMann',1,'Thomas-Mann-Str. 2','66538','Neunkirchen',NULL,NULL,64,1,'linear','X',NULL,2.5,NULL,NULL,NULL,NULL,NULL,NULL),
 ('NK_Ww224',1,'Wellesweiler Str. 224','66538','Neunkirchen',NULL,NULL,112,1,'linear','X',NULL,2.5,NULL,NULL,NULL,NULL,NULL,NULL),
 ('NK_Zweibrueck',1,'Zweibrücker Str. 3','66538','Neunkirchen',NULL,NULL,NULL,1,'linear','X',NULL,2.5,NULL,NULL,NULL,NULL,NULL,NULL),
 ('NK_Volkerstal',1,'Volkerstal 1a','66539','Neunkirchen',NULL,NULL,100,1,'linear','X',NULL,2.5,NULL,NULL,NULL,NULL,NULL,NULL),
 ('NK_KuchenbergS',1,'Kuchenbergstr. 1','66540','Neunkirchen-Wiebelskirchen',NULL,NULL,NULL,1,'linear','X',NULL,2.5,NULL,NULL,NULL,NULL,NULL,NULL),
 ('NK_KuchenbergW',1,'Kuchenbergstr. 1','66540','Neunkirchen-Wiebelskirchen',NULL,NULL,78,1,'linear','X',NULL,2.5,NULL,NULL,NULL,NULL,NULL,NULL),
 ('OTW_Schwalbe',1,'Schwalbenweg 11','66564','Ottweiler',NULL,NULL,NULL,1,'linear','X',NULL,2.5,NULL,NULL,NULL,NULL,NULL,NULL),
 ('OTW_Linx',1,'Linxweiler Str. 48a','66564','Ottweiler',NULL,NULL,85,1,'linear','X',NULL,2.5,NULL,NULL,NULL,NULL,NULL,NULL),
 ('RI_Lampennester',1,'Lampennester Str. 12','66292','Riegelsberg',NULL,NULL,NULL,1,'linear','X',NULL,2.5,NULL,NULL,NULL,NULL,NULL,NULL),
 ('SB_Hohenzoll',1,'Hohenzollernstr. 103','66117','Saarbrücken',NULL,NULL,45,1,'linear','X',NULL,2.5,NULL,NULL,NULL,NULL,NULL,NULL),
 ('SB_Charlotte',1,'Charlottenstr. 6','66119','Saarbrücken',NULL,NULL,NULL,1,'linear','X',NULL,2.5,NULL,NULL,NULL,NULL,NULL,NULL),
 ('SB_Gruelings',1,'Grülingsstr. 18','66113','Saarbrücken',NULL,NULL,50,1,'linear','X',NULL,2.5,NULL,NULL,NULL,NULL,NULL,NULL),
 ('BUEB_Saargemuend',1,'Saargemünder Str. 133','66129','Bübingen',NULL,NULL,50,1,'linear','X',NULL,2.5,NULL,NULL,NULL,NULL,NULL,NULL),
 ('NK_Kleist',1,'Kleiststr. 3','66538','Neunkirchen',NULL,NULL,434,1,'linear','X',NULL,2.5,NULL,NULL,NULL,NULL,NULL,NULL),
 ('ILL_Eich',1,'An der Eich 27','66557','Illingen',NULL,NULL,257,1,'linear','X',NULL,2.5,NULL,NULL,NULL,NULL,NULL,NULL),
 ('SB_Kaiser',1,'Kaiserstr. 252','66133','Saarbrücken',NULL,NULL,738,1,'linear','X',NULL,2.5,NULL,NULL,NULL,NULL,NULL,NULL),
 ('NK_Ww56',1,'Wellesweiler Str. 56','66538','Neunkirchen',NULL,NULL,NULL,1,'linear','X',NULL,2.5,NULL,NULL,NULL,NULL,NULL,NULL);
COMMIT;
